X,Y,Z
1.3993914885807444,-1.2788441358689568,134.39618037127764
1.4682225393778614,-1.3605191942595165,134.27045743399887
1.5577813251023795,-1.466719133971652,134.1445660688943
1.643191314906957,-1.5680101180243202,134.0187805493065
1.7286332053316518,-1.669338732416895,133.893055664916
1.800314218276807,-1.7543854509180592,133.767518100224
3.249967785847997,-3.472637234507252,132.1380547796603
3.312404966508326,-3.546745110334193,132.01345515747587
3.411661686221781,-3.6644171225088886,131.88878671058708
3.519899458405718,-3.7927152118851626,131.76416707534517
3.9546258774964897,-4.3080066102850445,131.26648192385792
4.03681897717652,-4.405488486225769,131.14227460320166
4.138279121181935,-4.525766568881903,131.0181228285386
4.254260988595826,-4.663226264827713,130.8940490025675
4.346888993940887,-4.773054093173495,130.7700448509816
4.40933778061909,-4.847174521461026,130.64607414483118
4.48851457923463,-4.941087011700145,130.5221705704589
4.556703482564763,-5.021998819481251,130.39830154010338
4.603628956739734,-5.077752246256965,130.2744297530392
4.718482870072439,-5.213876592067133,130.150772657425
4.80812393310908,-5.320169679587178,130.02712115193552
4.888924306196492,-5.416002610613353,129.90350236470948
4.960025281167326,-5.500359408693914,129.7799020429619
5.093401999228491,-5.658398790120245,129.6566227723074
5.174576822011516,-5.754674405021837,129.5331938817971
5.254122156576122,-5.849021956709462,129.40981368115894
5.3216231978182815,-5.929119007356051,129.2864218626574
5.406076620652056,-6.029273437572755,129.16317782118736
5.483122359324629,-6.120663248165251,129.0399460583877
5.556478744287113,-6.207687849188994,128.91674285810677
5.618107453128634,-6.280836605289967,128.7935055717616
5.6978675234325005,-6.375437622293425,128.67044792138148
5.743244742774379,-6.429358077670912,128.54716954661697
5.8590189665757055,-6.566569434331527,128.4245141890361
5.941781833057735,-6.664722922917686,128.3016515811242
6.005432172455418,-6.740263144716592,128.17867009057255
6.045775294999305,-6.78822716201212,128.0555057588687
6.122377298604308,-6.879091098888799,127.93273088994796
6.194031758248097,-6.96410121626091,127.80995739338414
6.289781991552547,-7.077620297719623,127.6874958634524
11.337872376875172,-13.061476542936784,121.782181061433
10.984603783154236,-12.644204659031663,121.40512309564082
11.301101716702703,-13.018201126492707,121.65913986448535
11.29928876930778,-13.016284836831868,121.5371713115774
10.953702016344444,-12.607873219563167,121.2820599111234
11.01910950406769,-12.685486718651674,121.1621384884306
10.976389303899447,-12.63517278375914,121.0386512785708
10.924596818994518,-12.574125392562026,120.91481412766224
11.081504710559594,-12.760222989576528,120.67599611130105
11.157558784449048,-12.849974567212865,120.80066052439214
11.074956704147931,-12.752704916255825,120.55369371271304
11.07583621126999,-12.753974435439147,120.43163964629012
11.192103003514092,-12.891759728058242,120.31370813242108
11.0979958222232,-12.780649640403851,120.1882442177643
11.576960410083576,-13.35029035221335,118.6200152610124
11.561871213224563,-13.33266722481549,118.49735010709064
11.645102872560878,-13.43136725303436,118.37881976479582
11.544969680000266,-13.3131288962394,118.25252150017047
11.568696353735357,-13.341428764158197,118.1314688540596
11.540841238917784,-13.308702468773,118.00818303294804
11.583813329081387,-13.3597714769921,117.887973367152
11.534653503552905,-13.30206881319223,117.6415916267441
11.398537936893693,-13.140802374557122,117.75768137685296
11.6090314853797,-13.39029383413725,117.52281897962686
11.451905178914036,-13.204628117701697,117.39356464371777
11.48954044997415,-13.249383182099654,117.2731127725486
11.522006317445143,-13.288022340302652,117.15244239611772
11.585186676659529,-13.362999436706067,117.03322316945906
11.527942823772278,-13.29550401684646,116.9083724378956
11.512699523805091,-13.27769901940584,116.78546141962389
11.583671247823805,-13.361893892051212,116.66665927062736
11.610477529608776,-13.393837171284463,116.54577087834824
11.633066878591602,-13.42079143825274,116.42468902256272
11.629007141862122,-13.41621757695456,116.30230652636716
11.625886902960634,-13.412755244268832,116.17995761366826
11.661667216289334,-13.455315504223565,116.05953898939522
11.688131072319718,-13.48685359588858,115.9386706023404
11.700971550785995,-13.50227410425866,115.81712257275798
11.700765690509584,-13.502259743651642,115.69490788936852
11.749035057107998,-13.559595456017478,115.5751823564266
11.776942673864276,-13.5928415570401,115.4544281637254
11.77335454925976,-13.588825711267306,115.33203755225357
11.751520654762205,-13.563223731674034,115.20867153632368
11.762473571707092,-13.576411113475867,115.08702136914532
11.776162616600365,-13.59283554396406,114.96551684734452
11.79326462991474,-13.613297770043957,114.844197814064
11.788370977901758,-13.60773748126951,114.72168662790126
11.827549347965371,-13.654317663526095,114.60157620134684
11.85544693615365,-13.687551818274692,114.48086504329832
11.849674882271032,-13.680952336151396,114.35829469512782
11.809591887032871,-13.633760590809056,114.2337884874496
11.85336583508333,-13.685777605108989,114.11396976364816
11.908730305491453,-13.7515069682962,113.99483507338516
11.968666724678556,-13.822645196853834,113.8759969664391
11.995160208056989,-13.854218076773948,113.75527047651576
12.05647917263662,-13.926991830230216,113.63657638341137
12.112109813594104,-13.993035842537784,113.51758969685945
12.148980869152266,-14.036885961616196,113.39753432788146
12.137839440062342,-14.023934142566102,113.27465432091118
12.223475614652472,-14.12547650269132,113.15752824365816
12.28894797011962,-14.203163668721029,113.03925070730376
12.355965333154472,-14.28267859500732,112.92110974280044
12.404350549390358,-14.340150450056734,112.80187895108897
12.488950818490622,-14.440466881580967,112.6848967002174
12.544008721141893,-14.50583279207043,112.56615070593833
12.619010394866292,-14.594793312933186,112.44867778236848
12.693043020245154,-14.682607296917077,112.33119515928097
12.790049495692616,-14.797600592039512,112.2152079499994
12.798987001924424,-14.808403096362875,112.09371306104656
12.904401113109133,-14.933342911672886,111.97836326934356
13.0029580355017,-15.050170146364472,111.8626493612478
13.02978688319195,-15.082138971566584,111.74237600638182
12.986905269678566,-15.031636497684282,111.61758700170216
13.061094172955144,-15.119634824740142,111.50040363270185
13.110946310211489,-15.17884137347662,111.3816700795274
13.164132527145911,-15.241992255812274,111.2631874383288
13.220526521468743,-15.308938042024186,111.14495135955303
13.332816301179944,-15.44201131058552,111.03049470255044
13.383601539914691,-15.502321482516138,110.91197464032486
13.430193578018994,-15.557670833605648,110.79320135325986
13.450309811745257,-15.581697974017995,110.6726500939308
13.51745233373931,-15.66135944377527,110.55533114112804
13.55878601981946,-15.710487766895206,110.43627541302278
13.59786983683941,-15.75695434734372,110.31708683338752
13.6106909639402,-15.77235093334449,110.19608602587932
13.648526626746907,-15.817340831062296,110.07684210160252
13.668401251588929,-15.841081994629182,109.95634999112978
13.721787563856267,-15.90446891790415,109.83824439044356
13.738038727049236,-15.923923325402422,109.71751873431715
13.74915191764457,-15.937299292174332,109.59642684187396
13.7337317850971,-15.919285256761093,109.4734165669671
13.774091538234195,-15.967261103670054,109.3544364476066
13.81548082429472,-16.016454886377286,109.23555400725924
13.88793051547414,-16.1023942817481,109.11897693861688
13.90011849615504,-16.117041706036044,108.99799631403808
13.916254952623632,-16.136360324150342,108.87730856988412
13.903118182777884,-16.121047648893118,108.7544372247262
13.907347221850102,-16.126279381396248,108.6328489735766
13.904239368364514,-16.122831328044814,108.5106999036963
13.935920616378835,-16.160539988129667,108.39117855115175
13.961400452686451,-16.190912143389966,108.2711993103833
13.979649403811871,-16.21272990746068,108.15067564836986
13.98016705192758,-16.213570969691222,108.02878897584652
14.0205950025468,-16.261627173329046,107.90998636947536
14.03988818423109,-16.28468026549487,107.78955910554836
14.058182156008828,-16.30655125313238,107.66905879987692
14.044701401761698,-16.290831820986696,107.54606091759224
14.068345419123272,-16.319032069449065,107.4259799766263
14.053714929892497,-16.301952521508657,107.30286296114576
14.06516950187131,-16.315732330926917,107.18180931413336
14.06484940753289,-16.315582410634153,107.0598082570957
14.099362940116968,-16.356641557054907,106.94060988750536
14.114115914018615,-16.374323453526465,106.8198249989548
14.102391994545467,-16.360682564477287,106.6968816273517
14.066082510394464,-16.317956434779898,106.57190266719086
14.0653796678784,-16.31735381397197,106.44981732625035
14.068840225824944,-16.32167660441034,106.32806558591749
14.087402100639816,-16.343864573765345,106.20756251613268
14.098572232793272,-16.357307958677783,106.08644597025868
14.116174237854636,-16.37836037283301,105.96586826416195
14.124345383311589,-16.388255903215164,105.84449814926376
14.12990692291099,-16.395064232258783,105.7229027263585
14.11390711683378,-16.37636514510887,105.59946361431167
14.124113852298372,-16.388668853204415,105.47824504180387
14.10430048712011,-16.36545833707081,105.35444127391264
14.093528993828278,-16.35294453397436,105.23139241639647
14.0647206378825,-16.319092915986015,105.10675772892456
14.0914415336238,-16.35093317152683,104.986934115013
14.107878932230095,-16.370607906553495,104.86622008558544
14.107248400090636,-16.370091083827855,104.7440056262672
14.08282376663782,-16.341425612511657,104.61967488612233
14.087453055841884,-16.347131269340974,104.49789583245516
14.077717338633729,-16.335843008917525,104.37482728773185
14.051658905321435,-16.30524487755709,104.2502761823674
14.023926244173955,-16.272666182097826,104.12554237233554
14.032327952013974,-16.282834746361953,104.00404539417144
14.034346506918371,-16.285452010759982,103.88196422272026
14.027395114200717,-16.27745779862209,103.7590548714169
14.004197000664051,-16.25024367627646,103.6346390152578
14.014659539110278,-16.262850280797007,103.5132943983898
13.999634382129324,-16.24530487451059,103.3895891549934
14.008223358343855,-16.255695079188904,103.26805543635112
13.989858075744708,-16.234198368412997,103.1440019591724
13.973986159047392,-16.215651359097393,103.02015646806964
13.935063144871044,-16.16983495155289,102.89411695071637
13.92064623029183,-16.15300931492568,102.77035217864317
13.893482820257915,-16.12110463901734,102.64535437704042
13.87950866965379,-16.104802885527683,102.5215814573933
13.845464794467746,-16.064758755541202,102.39586411754902
13.822649925315435,-16.03799856658952,102.27118821392266
13.783852990764473,-15.992331726367196,102.14493920471332
13.74883943930182,-15.951140686896052,102.0190146949938
13.67840378510771,-15.868045597951474,101.88960078991724
13.630414005645958,-15.811503947528104,101.76231398154567
13.5871440041165,-15.760545851067077,101.63544072195764
13.6116299322927,-15.78974252251906,101.51520299915532
13.635520892033853,-15.818235335152217,101.39491528665572
13.643144299403302,-15.827483782481185,101.2730185323419
13.60765572129494,-15.785731230085904,101.14681283168224
13.581607500542766,-15.755146585158377,101.0215135495908
13.522664523316122,-15.685647912534831,100.89287123865456
13.494361049056549,-15.652395478495968,100.76726618157774
13.45197173752106,-15.602479759420484,100.64019786231982
13.446955068637472,-15.596775412249787,100.51689100137564
13.41903129457804,-15.563972342651612,100.39122614583812
13.381973452566342,-15.52036388245957,100.26458955454878
13.315714944617667,-15.442211608300507,100.134901476075
13.275633289572104,-15.3950262081739,100.00785747035108
13.241662547047545,-15.355069986477156,99.88140460035754
13.240170725301216,-15.35353577443991,99.75830066789592
13.215384693848783,-15.3244450026775,99.63274509869892
13.115341144763468,-15.20632621282597,99.49924704010594
8.958001720187077,-10.292728200905817,96.69053905501154
8.9895116143572,-10.330237606049591,96.5691584905987
8.985584374346868,-10.32582615886576,96.44376492485716
9.030525472228508,-10.379224147374256,96.32393012551717
9.073048237298057,-10.42976129360856,96.20384371861354
9.106285748444988,-10.46931430402528,96.08271389294902
9.123523654970384,-10.48994039090865,95.95975516765978
9.175341014710211,-10.551472560911442,95.84079951872684
9.229582822348256,-10.615872694596067,95.72215616514193
9.266322162767846,-10.659568086348935,95.60150632280671
9.291634475857558,-10.689745761010045,95.47953881594196
9.355614233702688,-10.765665315336577,95.36211734778782
9.416078283322866,-10.837425866814488,95.2443226780018
9.467162214627534,-10.898090091850026,95.12545756673352
9.50186684550367,-10.939378301819556,95.0046806102888
9.58897210469874,-11.042653971573394,94.8901547044166
9.642612856212148,-11.106342608569523,94.7716933362504
9.693534646193738,-11.166814785054726,94.65293847753314
9.750050964306874,-11.233904957358533,94.53488609908584
9.78358399519736,-11.273806982316522,94.41409615096184
9.8215167953759,-11.318913682066023,94.29385439409177
9.89101791890084,-11.40136404911216,94.17746546835625
9.975772985118889,-11.50185894960702,94.06298037713702
10.006667104116474,-11.53863909334746,93.94196814503924
10.022491443969578,-11.557592472590777,93.8191208622769
10.091607304004697,-11.639586814212723,93.70283366120668
10.16254154469576,-11.72373211555254,93.58681585700548
10.241302967632624,-11.817136448038228,93.4718141551638
10.297383584506688,-11.883710576270904,93.35404580129226
10.35493680834025,-11.952026649754233,93.23649523667557
10.418932873449036,-12.027964162346544,93.11978618287463
10.482814949534738,-12.103766756505085,93.00310342631892
10.539998413081936,-12.171645217157176,92.88561749174563
10.615579279835693,-12.261286624422588,92.77049124026144
10.666038191800288,-12.32121020812384,92.6522303775304
10.71289697235492,-12.37687500498225,92.53354111571842
10.735252609477964,-12.403554076054515,92.41175199472724
10.783777970528718,-12.461190250901987,92.29331899802116
10.884265234612908,-12.580293953559298,92.18158632844
10.995848409455576,-12.712523262288936,92.07135353400112
11.063517543505316,-12.79280501128942,91.95552524641889
11.11227801125664,-12.850718989554384,91.83728914399208
11.13249432414721,-12.874867108878506,91.7153688248953
11.191790398278595,-12.945243906375971,91.59855152870142
11.224953731101287,-12.984707408260975,91.47835080663212
11.282537414616986,-13.0530584500089,91.3613712550474
11.341092686855994,-13.122558746518642,91.2445548759227
11.441593235829552,-13.241677242120788,91.13331564439594
11.496361420235978,-13.30669751977926,91.01608664562396
11.583479036065365,-13.409984752939046,90.90319056710754
11.666054552065155,-13.507898905437823,90.78974829198953
11.72589890312435,-13.578923678804742,90.67332152279776
11.755174019820013,-13.613787279367344,90.55283074652549
11.822636774238156,-13.693823929280043,90.4374906554726
11.84723875167954,-13.723159490925978,90.3164086320292
11.915615834035538,-13.80427759058489,90.2012612579095
11.95889905129092,-13.855711531347644,90.08275020117658
12.05135772284608,-13.965316100075627,89.97096061021405
12.116436065781746,-14.042531807810184,89.85549411761347
12.16373372045842,-14.098714318060969,89.73763243157143
12.177358957862426,-14.115065050486876,89.61516950389091
12.243314579837124,-14.193318328377886,89.49991930085231
12.309152496647396,-14.27143229213132,89.38469478351377
12.388678715390231,-14.365738292384252,89.27141027976377
12.433282863574291,-14.418734334692626,89.15332187695813
12.500945488411556,-14.499006542803734,89.03847433327098
12.554175339141592,-14.562205939742826,88.92165095203039
12.61296269144737,-14.631979319551055,88.80563882710742
12.658010764436176,-14.685500267701256,88.68772930425537
12.748022902384752,-14.79220968556308,88.57619042557819
12.820464818493472,-14.87813498130332,88.46222624041197
12.898754419728505,-14.970977474348222,88.34913936174964
12.947259524361147,-15.02858751070777,88.23186425523113
12.978540597817814,-15.065823041361876,88.11215754218532
13.015278864528993,-15.109513903358335,87.99324560684865
13.112895210163954,-15.225217839239376,87.88309335600772
13.156861123363658,-15.277458215618385,87.76528296529862
13.196430419084216,-15.324497764450404,87.64686141266718
13.236290017837222,-15.371880676295287,87.52850206619267
13.333391010818769,-15.486974621112063,87.41847671811408
13.404156682120858,-15.570916303847408,87.30468306107691
13.47170855579519,-15.65105629181975,87.19046575512489
13.50949242317192,-15.695983575497204,87.07193147822382
13.537399354468157,-15.729227387923798,86.95196513388014
13.557272213473082,-15.752967675709789,86.8308259728598
13.625511507700088,-15.833920579829035,86.71683452282208
13.663207066723707,-15.878743261792886,86.59836282268289
13.714648730363695,-15.939826145702646,86.48195127801752
13.766645107414393,-16.001565142506866,86.3656521784053
13.815862982245587,-16.060017402681407,86.24896840300592
13.849045034287206,-16.09950090813751,86.12991117047282
13.879320804370224,-16.135546560295982,86.01043231362745
13.891374415048237,-16.150037307378497,85.88822201441901
13.946204724392706,-16.21512832368769,85.77246791244264
13.98858710808621,-16.26549472237116,85.65486176964654
14.046035233483876,-16.33368221882195,85.53956508238305
14.069163274020736,-16.36127273579811,85.41907886309441
14.079394518832403,-16.373607748908157,85.29663065165754
14.083255522206176,-16.378407479312827,85.17320336606964
14.14063730243228,-16.44651634070557,85.05797973898935
14.190534250566383,-16.505771420878514,84.94163906032844
14.233235529733967,-16.55651478445084,84.82421670704832
14.257524404750194,-16.585478326553076,84.70396870095817
14.291371427178891,-16.625748048347017,84.58521053557367
14.311536361601224,-16.64983340927608,84.46433988444178
14.358859542179085,-16.70604381515238,84.34770777417253
14.428521075353029,-16.788677832363412,84.23459417566778
14.459597870736896,-16.825670559816793,84.11547730240436
14.47996358845023,-16.849993326395396,83.99469003832102
14.519174604704975,-16.896607827582656,83.87687626256644
14.54358928587552,-16.925720002400574,83.75674457424115
14.577794056155032,-16.96641265690285,83.63817094122027
14.619289127874328,-17.01572882333201,83.52077046811488
14.631793015290166,-17.030751923033584,83.39877566903992
14.635603694258688,-17.03549203128189,83.27539077899179
14.663454876174388,-17.068669096137192,83.15584365170069
14.685802704791382,-17.09533636054671,83.03542370260973
14.726877663678716,-17.14415546200602,82.9180218480073
14.78145311941102,-17.2089439090394,82.80281828543222
14.83980901556236,-17.278204077092216,82.68825809659455
14.871476126842149,-17.31589475374916,82.56940707567495
14.9230764041485,-17.37716378076248,82.4538085770345
14.95237486120504,-17.41205258033641,82.3346064206199
14.982094602566413,-17.447439683269586,82.2154843836056
14.990259521333696,-17.457330227591335,82.09284459882285
15.024762899284951,-17.49837571640698,81.97452222047082
15.06462622144284,-17.54576128090898,81.85709746615983
15.116911646072568,-17.607840502173556,81.74174202698221
15.151295352069106,-17.648744329663316,81.62345606697484
15.18234019553088,-17.685698703265476,81.50463197204107
15.209498233770825,-17.718055488719635,81.38517453343133
15.265461109942516,-17.784484457659758,81.27052610143997
15.30295357811407,-17.82906540085246,81.15282566988279
15.323214045046322,-17.85326322576818,81.03225778137353
15.33467576763217,-17.86705334749013,80.91021670867342
15.372715982988751,-17.912282131690922,80.79264451175732
15.406644631296643,-17.952647473285907,80.67439715917213
15.44702629463725,-18.000645794992614,80.55725597098264
15.490399313306966,-18.052182428500785,80.44064213856188
15.506625298258486,-18.071607942515367,80.31943829733626
15.522491016823135,-18.090607312254964,80.19817346388807
15.572656377408384,-18.15017822313464,80.08276511974987
15.626318577269531,-18.213885335915307,79.96798359739013
15.69793356749554,-18.29882793035868,79.85631333918735
15.748405619015854,-18.358761433207054,79.74105295246538
15.787285809445068,-18.404983414508397,79.62382282009445
15.8018897106901,-18.422490096779335,79.5024167289239
15.81193816422293,-18.43460836292299,79.38022053660137
15.814554411626524,-18.43793544782528,79.25672910442229
15.867583079234873,-18.50089288104064,79.1420004738091
15.928104003331622,-18.572712466142125,79.02860948301904
15.974224133968772,-18.627498026931427,78.91273711686934
15.9961798840039,-18.65370076102321,78.79265426857165
16.021187978809966,-18.683513942153112,78.67311265417383
16.05139427544212,-18.71947578183205,78.55449392718302
16.078064681881877,-18.751255188372745,78.43526283722856
16.093315225898053,-18.76952665665855,78.31402012440769
16.14596246988674,-18.83203257873955,78.19940865669561
16.1864575642528,-18.88016435931449,78.08266739054463
16.227757070379734,-18.929247594157367,77.96608965313595
16.27900249482766,-18.990095234095293,77.85130885963663
16.33501534054961,-19.056581919251848,77.73741041700383
16.3598746368626,-19.08621888181423,77.61795609427983
16.389712176202995,-19.12174429126996,77.49940418956525
16.424961514241772,-19.163670962345325,77.3818389933178
16.49393882497934,-19.245492316738503,77.27038206989033
16.538861808943732,-19.29886124663891,77.15461382566006
16.55814827976088,-19.321906340810884,77.03421741007207
16.562786070002048,-19.32762445444329,76.91115942703395
16.589313925564436,-19.35923490958281,76.79208220712613
16.602568371732556,-19.375145112794534,76.67058853575723
16.650330752917696,-19.431872441875285,76.55541130303328
16.687411008636836,-19.47596456065709,76.43829973703588
16.733059162740425,-19.53019102602186,76.32278139618505
16.775716671914168,-19.58088001942357,76.2067360670389
16.821822459415284,-19.63564769827445,76.09134970463266
16.834710625148098,-19.65112456285108,75.96983699371587
16.85362521994477,-19.67372966326599,75.84943996497296
16.863276388202724,-19.685377723896984,75.72732214142658
16.907448848462753,-19.73785850137066,75.61163416610621
16.94546959887834,-19.783062833556208,75.49481994855157
16.98413826417641,-19.82903350205436,75.37814502684381
16.994666011479847,-19.841718371436368,75.25620786926305
17.02095418262906,-19.8730450513769,75.137229971009
17.042575708809103,-19.898851901537604,75.01738075918045
17.088202846946622,-19.95305311113885,74.90207045823978
17.126817772661493,-19.99896008112052,74.78545691534265
17.147669027325897,-20.023855781864963,74.6654916718335
17.161704782932414,-20.04068996875348,74.5442342954081
17.211142081918325,-20.09939777638096,74.42972066516982
17.24536761773678,-20.140112782454395,74.31232952955331
17.270199861883185,-20.169717211805303,74.19315552680986
17.282237730169197,-20.184188227321417,74.0715347056315
17.317321119023035,-20.22591785707939,73.95433964263854
17.35128214352191,-20.266319908382528,73.8369438343752
17.372557751310783,-20.29171743995217,73.7171138908619
17.369360501941042,-20.28816813717329,73.59255385291203
17.419395135065738,-20.34758221505435,73.47829688731949
17.47584303454795,-20.414581929257903,73.36531356375262
17.501954278263256,-20.445699044722403,73.24645730154826
17.519073483801314,-20.46618026860976,73.1258546935004
17.520888232132915,-20.468559231678302,73.00226040602315
17.52820181981105,-20.47744229365581,72.87973128567053
17.579631034303265,-20.538505691062827,72.76585617096124
17.617187483654455,-20.583160225987204,72.6492804176989
17.628473987517552,-20.59674246449459,72.52754250753891
17.61401910546351,-20.579877651224685,72.40071417563423
17.628437262588896,-20.59716406134841,72.27957687251622
17.640464221404155,-20.61162215540598,72.15796331939319
17.659201168465252,-20.63401685379276,72.03768009296633
17.674239489344643,-20.65203680398329,71.91666169988942
17.699478580371544,-20.68212224684843,71.79767863018864
17.71060525183385,-20.69551549081514,71.67587920251245
17.77433121034414,-20.771123197711898,71.56462053207096
17.81115664997611,-20.81491290965935,71.4479965646973
17.81417683640152,-20.81871777792624,71.32458390087778
17.795366073422958,-20.796701064169124,71.19675595115775
17.81631270918724,-20.821709346547607,71.07693521968595
17.836110003028896,-20.845358184812834,70.95688518399929
17.86522273668584,-20.880025280162663,70.8387284755299
17.87158715693197,-20.887785767433357,70.715955288471
17.87051114513778,-20.88674577171849,70.59165707267293
17.849528330773627,-20.86216017060164,70.46327862368038
17.83659688108346,-20.84709772254986,70.33651635707079
17.819511890576102,-20.82712254704042,70.2088776410315
17.831885125795505,-20.841990348128817,70.08726356321398
17.85031704248728,-20.864024305243,69.96689318911356
17.85630042636136,-20.87133426692384,69.84395597360663
17.850671052981728,-20.86490880817192,69.71860914144294
17.850593691541977,-20.865050236847583,69.5943936124994
17.83757304952144,-20.84988254695704,69.46747756166127
17.820790883878992,-20.830265825200467,69.33975431207641
17.80311566032437,-20.809592860123885,69.21181689212895
17.81530557208329,-20.824243975104583,69.0900866439682
17.829107214966708,-20.840801427192098,68.96868965747196
17.855625641248043,-20.87240008159193,68.8499559470955
17.868445706231114,-20.8877965405337,68.72835282592153
17.855217207375034,-20.87238324364693,68.60126386113546
17.844659521890474,-20.860128980833743,68.47471295326405
17.88238522488084,-20.90498338954288,68.35834147854547
17.910792461515754,-20.938816077150666,68.2400143376579
17.951912218757542,-20.98768484298064,68.12439337269937
17.981601170430675,-21.02303346920893,68.00636284256589
17.992978162617106,-21.03672311240898,67.88444308346487
17.990274926638005,-21.03375900638048,67.7595141768754
17.989326825769012,-21.032870861836408,67.63494403210107
17.99115483652338,-21.03526625975442,67.51095353998085
17.994612605099064,-21.039589316394924,67.38730011956325
17.99948485698787,-21.045585407075496,67.26393950347398
18.01602896639578,-21.065386665984093,67.14308354234228
18.03044863402594,-21.08267519671333,67.02176846289682
18.077377687438137,-21.138414880115104,66.90748273469994
18.11855684199641,-21.187353709817536,66.7919756763168
18.118670898390583,-21.18772197181905,66.66757231336801
18.10994240096399,-21.17763156781234,66.54123106937416
18.1152302550372,-21.18411929020001,66.41792322037024
18.126818891871437,-21.19805938773869,66.29598138665234
18.14881113972243,-21.224304531414887,66.17631111383898
18.16229795783851,-21.240489741246574,66.05478031542751
18.172480106676733,-21.25276631168061,65.93252058184017
18.178327532909684,-21.25991594086104,65.80930110816128
18.200165565018366,-21.285978682759463,65.68959743610519
18.203525808418487,-21.29018658964289,65.56581619468272
18.20982605739,-21.29787184315607,65.44267393707062
18.20656376954848,-21.294246922913363,65.31740233035605
18.23528535749429,-21.328451275346943,65.19921819784702
18.25885044034768,-21.356556707422108,65.07989597595214
18.272883974002536,-21.373388612060737,64.95845373222429
18.27496325031827,-21.37608153569608,64.83433833657188
18.283906837540293,-21.386893292355147,64.71174640734627
18.286339371029964,-21.390004075521,64.58768753003864
18.33428632748274,-21.446947295332016,64.47384029753253
18.36655680132054,-21.4853490408332,64.35649048697908
18.37696071105144,-21.49788800829494,64.23422286862946
18.367856540911973,-21.487353752705424,64.1075427843042
18.36486754923005,-21.484052277763013,63.98222438806516
18.36264980118822,-21.48166302417026,63.85706375262126
18.38663757222118,-21.51026838806829,63.73783901537317
18.41631383191109,-21.545601799263604,63.61991415483117
18.42669700865587,-21.558116321121567,63.49760112105942
18.421345682729147,-21.552020902697205,63.37168847415134
18.424996101947965,-21.556572309090395,63.24781640251558
18.42992976085406,-21.56264148440929,63.12422687762392
18.458297869827295,-21.596427673127582,63.00600849212318
18.48794870728884,-21.631730985468597,62.88809422921838
18.52326478596768,-21.67373480942075,62.771495767509606
18.54834215338992,-21.70362883853794,62.65254799911915
18.569660154705755,-21.729076493829236,62.53273687569494
18.576581965367627,-21.73749716787749,62.40959277728793
18.57099597881941,-21.731124374847003,62.283536011874624
18.564906358147255,-21.724155949987622,62.15734266755141
18.58695558289574,-21.750468482714226,62.037685546930426
18.604189200578816,-21.771085404266145,61.91690808970165
18.589523331078382,-21.753973597161917,61.78867129097181
18.571591309056416,-21.73299884147053,61.6596422679931
18.597468019877404,-21.763838317099,61.54086388849376
18.629349439879277,-21.80177976232436,61.4235039386616
18.654236104333076,-21.83144824553732,61.30450853655135
18.68051016489873,-21.86275763793265,61.18584642089366
18.704352491989404,-21.8911909253062,61.06661672158537
18.708700372447904,-21.8965674912207,60.94277670191151
18.692047503749983,-21.877105830216173,60.813944566893824
18.67609905411121,-21.85847736150012,60.685250889947305
18.71473884693259,-21.90441209490632,60.569521796717616
18.759408534412916,-21.957478527994063,60.455247805220296
18.778144826885377,-21.97987275663917,60.33480208405423
18.77589449406472,-21.977445522949598,60.20933568718596
18.793290798553933,-21.99825492553843,60.08856150497345
18.79864655205872,-22.00482365584754,59.96489591869082
18.8187986586412,-22.028892426055165,59.84477875047164
18.821416849753525,-22.03222340211112,59.72043877658923
18.826092242159785,-22.03798750285077,59.59658252662926
18.81527074699956,-22.025423100970773,59.46896825220322
18.81277072707413,-22.022700736916825,59.34334535534555
18.80849729720816,-22.01788095532801,59.21727502687815
18.815357019033776,-22.02622861556413,59.09389193103313
18.819418718223485,-22.0312670167098,58.969818295735536
18.82673779441349,-22.04015800120256,58.8465274209572
18.824450149704813,-22.03768695934972,58.72088059898496
18.855574834103475,-22.0747332910766,58.60339366191191
18.87315702143254,-22.095762666449588,58.48259782792914
18.87418100988753,-22.09720839928792,58.357735506998274
18.86670759351045,-22.08860415079084,58.23076864842031
18.88925863064561,-22.11551029029338,58.11117858591391
18.899187971569027,-22.12748857319384,57.98847692880621
18.891828501491798,-22.11901917371829,57.861493831005085
18.8702043912072,-22.09367885550335,57.73095641032708
18.88065553401566,-22.1062743562603,57.60834315065055
18.89157893207529,-22.11942841021185,57.48584081997463
18.89334902214537,-22.121756771418323,57.36105389727692
18.872137188442004,-22.0969042376444,57.23052258361308
18.87466731614299,-22.10013157112601,57.10588829755543
18.86587670706669,-22.089969813492853,56.97840844720309
18.8662816973137,-22.090683791758767,56.85321049675965
18.866299630431413,-22.090940023474012,56.727900421762506
18.872968253196944,-22.099062085970147,56.6042474474044
18.87259585679807,-22.098856725568567,56.47881125375226
18.87351168959433,-22.100174987241736,56.35368443690191
18.860475376527443,-22.08499204046728,56.22501695850256
18.849952525874023,-22.07278181907392,56.096959392913085
18.81217743115071,-22.028340393224678,55.96196709084839
18.83581038127183,-22.05652634916748,55.84252493952319
18.851072532752863,-22.07481215993097,55.72095761250942
18.860713602273727,-22.08644993084888,55.59795527200205
18.8469568730359,-22.070415194833917,55.46897313737329
18.82477456843948,-22.04441560847468,55.337809653026405
18.780909143663525,-21.99277154652837,55.20105869015295
18.787201376672076,-22.00044880526059,55.07712221732097
18.79157381109373,-22.00585554797035,54.95268227609718
18.778306490319856,-21.990399886598965,54.823690474009005
18.762107834553063,-21.97147740644433,54.69391624403539
18.750655662063405,-21.958168609112377,54.565338450279306
18.69868549462775,-21.89693958111386,54.42625543554836
18.69318555963158,-21.8906705650246,54.29915210862787
18.659017559241228,-21.850496162512066,54.164589203711614
18.66745142758222,-21.86070659896093,54.04105504694492
18.64035664969496,-21.8288977454151,53.90826264933421
18.62631046802758,-21.812521372797573,53.77883440365924
18.57218130387757,-21.748739450838,53.63890900314778
18.552471188649164,-21.72566456028415,53.507926888002
18.52579517572113,-21.694351268597565,53.37508699810834
18.518070544255604,-21.685451545710784,53.24718311042989
18.495115302602603,-21.658538876512697,53.11525288239589
18.477946861564146,-21.63847022094263,52.98481131225647
18.44215643223849,-21.59637773772821,52.84942790364589
18.443974628355672,-21.598764343296384,52.72393372663641
18.4287083532533,-21.58094551151701,52.593904818472105
18.38122562566554,-21.52502500246633,52.45530898337406
18.34869049243284,-21.486782797006256,52.32062489546385
18.35737958415849,-21.4972956440204,52.19685810405785
18.3565393118025,-21.49653834808306,52.07054520448936
18.35339085155344,-21.49305124442963,51.9436001521117
18.331570081639608,-21.46748089589412,51.81164830363771
18.322221997614477,-21.45666173939708,51.682999510097154
18.295998018365697,-21.4258839498807,51.54980417711483
18.281835910933594,-21.409371480904703,51.41980846291204
18.24483209962467,-21.365844818137877,51.28364375388514
18.21687052211247,-21.33301223468558,51.149866584709095
18.188047725974634,-21.29916118778006,51.01581745836793
18.17314153045022,-21.281768958633783,50.88548729157272
18.152691009775264,-21.257819682118832,50.7536284613857
18.14800521288517,-21.25251490414014,50.62600836976681
18.137785241772285,-21.24066507655408,50.4968663204659
18.12323509486934,-21.2236941412608,50.366522530268064
18.11860109867313,-21.218450750571087,50.238850219922654
18.109498618570505,-21.20792267806589,50.1099394939725
18.09467423769425,-21.19062756331281,49.97944230774294
18.07070307336854,-21.162514936950323,49.84641448061446
18.03271606027838,-21.117826359970643,49.70951028945845
18.021811444514515,-21.105167188240628,49.57998902335839
18.01529281210617,-21.09769519508506,49.45164780937911
18.013888059696054,-21.09627122435923,49.32469258472782
17.990123306790505,-21.0684030230216,49.1915560282134
17.977482312941994,-21.05369049822417,49.06145442851363
17.943237553225416,-21.01342816339256,48.9253518994006
17.921421153577292,-20.987864399534708,48.79264616398789
17.91447649521077,-20.979888856513394,48.66403090151677
17.941538335954935,-21.01213132184624,48.54484087550697
17.944297689444614,-21.01563232787772,48.41889596427978
17.97096049337219,-21.047402864624846,48.299598053931724
17.954154215149277,-21.02776455168605,48.16817530500729
17.914077726495407,-20.980605732102838,48.03021780492063
17.868559991402954,-20.927011909921585,47.89068659749266
17.850476662153593,-20.90586350535112,47.75879200561359
17.832144331978697,-20.884420679269308,47.62679584324074
17.825892515760152,-20.877264919661016,47.4981651287664
17.826966517137205,-20.8787730648786,47.371576149628005
17.80779881814653,-20.856342446301525,47.23926213490891
17.788153331315755,-20.833346834819107,47.10678050228778
17.791881716717985,-20.837994295035596,46.98087901608479
17.787768442702404,-20.83336788125253,46.85274242138069
17.78226324583893,-20.827095355277088,46.7241910044825
17.756535265419647,-20.79690652907253,46.5898710205096
17.74609000948589,-20.784791774313003,46.45986278499796
17.734377686614724,-20.771178580738745,46.32946808347119
17.732777208797227,-20.769524118159243,46.201933897934175
17.72365752179019,-20.758977170527768,46.07223207106136
17.71325184300757,-20.746909403821878,45.9421378271447
17.68852627778516,-20.71790643559194,45.80791166787677
17.67529454125994,-20.70249657285062,45.676949045467445
17.653783157628574,-20.67729494605062,45.54357716576624
17.67540993782319,-20.703110133816114,45.422596934209
17.67870675996292,-20.70724766261186,45.296330727038026
17.69814685247911,-20.73047680538279,45.17471485399809
17.707257253372752,-20.74148970661397,45.05011030426468
17.70413919246571,-20.738040842996288,44.921953678653125
17.687225958089652,-20.718277400455477,44.789774641010005
17.646752972226338,-20.67065151690417,44.650717597154525
17.62586201916339,-20.64618403824832,44.51730872484566
17.635555219527436,-20.65788635151684,44.39278015875203
17.630776402341873,-20.65247365447901,44.26401882369097
17.647779499431806,-20.672820899477983,44.141604454792194
17.656091065234094,-20.682889306389328,44.016643482299536
17.642862172586447,-20.667483414666048,43.88535762692008
17.62127026544851,-20.64218725973671,43.75158830913966
17.631021299569127,-20.653958112264583,43.62700016976713
17.626060376201906,-20.648330265392808,43.49807146716391
17.59832115440946,-20.61576431221468,43.362404492774026
17.5693690624229,-20.58176406741965,43.226338845364936
17.588698025765378,-20.604862121433417,43.10451147655484
17.579273669936715,-20.593955901137747,42.97416752591384
17.585061234274917,-20.60103964891085,42.84831095129493
17.56609617014629,-20.57885048411077,42.71508995575208
17.5604632851445,-20.57242826190915,42.58580199452105
17.54720587242588,-20.55698917925397,42.45422109588058
17.54928155759303,-20.559683328777165,42.32718649198996
17.539454080771304,-20.54830063633823,42.196580698110026
17.53369233083204,-20.54172618159251,42.067166154259525
17.494555309083314,-20.495681690401028,41.92772987749375
17.481353144067857,-20.48030820795657,41.79602504331449
17.455277415275177,-20.449710337163804,41.66042374104794
17.467966163108965,-20.46495587433984,41.53644809018176
17.454428739421818,-20.449186059093464,41.40456339346136
17.444907997066636,-20.43816646621581,41.27386236975498
17.40104883398079,-20.38653797567621,41.13275901571921
17.39336077839826,-20.377685855774203,41.00254781559223
17.347669424707508,-20.323890777891968,40.8607954346179
17.30333349405127,-20.271698738619055,40.71939808654572
17.25032250085934,-20.209247619235697,40.57530881566413
17.21317608923172,-20.16555815874361,40.435985624914096
17.121753785632002,-20.057681867016207,40.28006930504287
17.06481499339778,-19.9905860891278,40.13458284415832
16.468041762886486,-19.28604421291479,39.31020386691687
16.48899162989023,-19.31106047668512,39.188165934273066
16.539465486059285,-19.37099175136905,39.07523211748215
16.519050843360855,-19.34709043209329,38.94043679447209
16.461314164818756,-19.27905227097583,38.794066832513096
16.38212112183759,-19.18564003334017,38.6409859096869
15.991193915802626,-18.72453917395609,37.87586073524539
15.98184915403622,-18.713729826767874,37.7440775106662
15.972912642963236,-18.70340332011032,37.61239667641063
15.69144390441703,-18.371025260801247,37.26629910724656
15.661944325088802,-18.33638148340715,37.12797189540677
15.61885275465753,-18.28566408053968,36.985327472501794
15.590231180977074,-18.252058791826823,36.84718518790196
15.47959375401988,-18.121462872382786,36.68313671084658
15.462243511511613,-18.10118710525477,36.54843397220421
15.499132076063592,-18.14505330463465,36.43085049424504
15.440867969477855,-18.07639359674506,36.28315093245983
15.335792086741217,-17.95237527027739,36.120539188248685
15.298240569704078,-17.90821016704079,35.97926000019452
15.057771301387978,-17.624321582744262,35.64389469850648
15.064777000887924,-17.632849294007325,35.51660125077353
14.976128862511626,-17.528258951036182,35.35875360727689
14.981248245583323,-17.53455606858037,35.23079299469287
14.918476830293628,-17.460567191832972,35.08108211797352
14.87056710753237,-17.40415351693537,34.93606398865853
14.870275858083916,-17.404052331314816,34.80627492051749
14.78485454070356,-17.30327862601553,34.64909941580959
14.669646974055889,-17.167280693437803,34.4822420260503
14.590813639157698,-17.074298121166947,34.32699241943603
14.57190086785045,-17.052176025116847,34.19100030157342
14.490957647401958,-16.956698640393554,34.03492199027181
14.45319764857604,-16.91228857093247,33.89273396015706
14.402426038596383,-16.85249147575173,33.746277809808426
14.37600452434563,-16.821490130755492,33.6076633927858
14.30915524681968,-16.742680332414817,33.45586848997562
14.24218667652224,-16.663729605301533,33.30395862240192
14.198931354461612,-16.612821481248112,33.15970079732643
14.184261428440214,-16.59571752976622,33.024716202689056
14.12271970930752,-16.523184764796383,32.87438447184911
14.080871650174895,-16.47394112063056,32.730425403722414
14.009434799045987,-16.389707002492617,32.57671698105198
13.992591189385571,-16.370032872740943,32.440840459135195
13.922644019020328,-16.287560647791913,32.287484930249896
13.88413132958587,-16.242261710148288,32.14439176988796
13.820678165635613,-16.16746929831965,31.99303126857294
13.768065060711631,-16.105496019221082,31.845173155419275
13.724168232234517,-16.05383035233524,31.70013025343571
13.716758310189263,-16.045312602395406,31.567098971335582
13.652798340985498,-15.969921344388457,31.41531521103148
13.57324364052306,-15.876088607251624,31.25828587908886
13.541502292050412,-15.838797883971054,31.117046143443705
13.528167707448612,-15.823274215156689,30.981881165658667
13.462867018853544,-15.74629798586677,30.829384953753443
13.423889632170413,-15.700450546734409,30.685589405222206
13.34656716674574,-15.609258222534866,30.5289411716024
13.321525203222976,-15.57989033671119,30.38968296573938
13.271971923601008,-15.521536702938926,30.242180797832805
13.219042759468138,-15.459191039567983,30.093485819858422
13.20059686459601,-15.437623581630822,29.95629881277347
13.112009663025756,-15.333110857546211,29.7955079403087
13.03666742658358,-15.244261084688675,29.639077641649337
13.005439981082702,-15.20757917096542,29.49742642090324
12.953210921783436,-15.146062017785878,29.348644679954784
12.909455609638291,-15.094565553011185,29.202661561181134
12.790149858544757,-14.953727630288668,29.031066815668908
12.756162851956466,-14.91378286264765,28.888246036985585
12.696230505966824,-14.843156775553917,28.73657828028628
12.629656541052285,-14.764676844835469,28.582584310587933
12.565793095571047,-14.689402351924656,28.429435276850267
12.521963588509044,-14.637818887630033,28.283032980310317
12.48520608413565,-14.594598434061108,28.138985040967444
12.441608888773269,-14.543289893237503,27.99255194363292
12.345010664284592,-14.429305870564225,27.827946456248178
12.292362761020293,-14.367294811458043,27.67827941603989
12.203759983273711,-14.262766025420332,27.51622623263738
12.125865472860228,-14.170900297674924,27.35775095241297
12.033833008387608,-14.062316151015027,27.194330876607687
11.988624569730398,-14.00910305805744,27.04692052293549
11.94327958352286,-13.955728602271538,26.89940512728072
11.904930786284185,-13.91062745497708,26.75424474739523
11.871396417393726,-13.871219604446049,26.610695134394707
11.766234155744836,-13.747109870563309,26.44232795618275
11.675991782881752,-13.640643516453403,26.279015310018387
11.637152373583838,-13.59496269217956,26.133426448608702
11.577269715994024,-13.524397793649127,25.98047984390397
11.49962354672276,-13.432827242288228,25.82128739347967
11.439845130009388,-13.362385893021807,25.668226722830944
11.39640768931399,-13.311268253091905,25.520789628976477
11.348562377317906,-13.254938314980455,25.371757815326102
11.288122273503296,-13.183714883626482,25.218265019733696
11.207556300956671,-13.088692339806483,25.057659751630812
11.155427114243992,-13.027297015469234,24.90692544070223
11.08817481313776,-12.948018448458535,24.750822632153216
11.049331455849533,-12.902334107467953,24.60461821310201
11.014006718253643,-12.8608106925824,24.459598276721795
10.973769286089016,-12.8134780304387,24.31279920272306
10.891100937329286,-12.715970264264554,24.15098919997616
10.83723743518144,-12.652524816047706,23.999254012775516
10.7975642309531,-12.605859711554356,23.852467464504336
10.736397119623971,-12.533777888831548,23.698021985079187
10.688210374538697,-12.477045639820064,23.548102573899943
10.656476278848771,-12.4397689452584,23.403958267420368
10.59763667482384,-12.370439797353065,23.25014023197668
10.51048380207412,-12.267630076338598,23.08618258326492
10.416638402260263,-12.156906565383242,22.91974569785376
10.387353834457189,-12.122526926039372,22.776224284661364
10.37445116936945,-12.107519082488407,22.638506160984296
10.316257914871596,-12.038954899983432,22.484570854982863
10.262728834197407,-11.975906258953128,22.33223442071327
10.223318741898918,-11.92955350709076,22.18489076980477
10.177031339402038,-11.87506841209051,22.035026380542615
10.165911677737668,-11.862169377066826,21.897734248090146
10.134088944930069,-11.8247889752998,21.75296815469873
10.095153249987558,-11.778997576335536,21.60559401887824
10.050720925395016,-11.726706511484268,21.45618505293276
9.993123116271631,-11.658847378646064,21.301965661015885
9.950886045078043,-11.609152426617822,21.15322802346721
9.928853591483431,-11.58334949341126,21.011745458339448
9.95030506325041,-11.60896623715574,20.885978787462857
9.793703561339845,-11.424036047642732,20.69562436551357
9.779749121625624,-11.407785617707663,20.55692063490304
9.79516806539359,-11.42626910605577,20.428867069914286
9.779738049605474,-11.408273909486049,20.28957678564849
9.743918146585164,-11.366167881241545,20.142821457310102
9.712403142975868,-11.32915245633158,19.99758670379649
9.64897742572458,-11.254402987022566,19.84064450471769
9.576173625313732,-11.168564167897278,19.680195829850167
9.592049289711197,-11.18758802676616,19.55214787411049
9.675973076958252,-11.287078019850783,19.449050835098344
9.827056601586088,-11.465983478763366,19.37066569119768
9.690064684004032,-11.304243283243904,19.18649755914264
9.536799467953784,-11.123260406924022,18.996197141781945
9.510955099954376,-11.09295108958716,18.852697583597728
9.523510811882598,-11.108049344774711,18.72332434385497
9.530032665410117,-11.116012676614382,18.591714252001264
9.719672294572195,-11.341012192531451,18.259851412857504
9.685466044394053,-11.30081530379746,18.113147456125034
9.746666569828648,-11.373435060392902,18.001844876726054
9.745120532829237,-11.371858281620264,17.86723469942908
9.585192974056104,-11.18299890789427,17.67361304451562
9.632599417943691,-11.239307517267983,17.55714712317421
9.879236470820333,-11.531704390283387,17.246956755730714
9.936822217699657,-11.599546672768469,17.402551061170048
9.87365939500345,-11.525361126490823,17.11077644705624
15.475897177929486,-18.158527137514938,14.588274806172768
15.5089305510756,-18.19783543711705,14.468840334095017
15.603690007327062,-18.31013140752774,14.373490639847214
15.675535738507875,-18.39533306099036,14.26925761794672
15.724384916652417,-18.453342513564536,14.156079337729588
15.771999874321017,-18.509892526815506,14.042441896915522
15.855351744888198,-18.608699310783088,13.942827121428524
15.909474534715237,-18.67294433599092,13.83180293394221
15.97452220765023,-18.75010732681515,13.72509638106405
16.030508282822403,-18.81655545826873,13.61486606922098
16.10668933585481,-18.90688285051214,13.512611998603138
16.152983291886343,-18.96187052710489,13.398632658636616
16.207347486340662,-19.026400709769963,13.28785736246568
16.240759408039672,-19.066156118299915,13.168839194983915
16.31729261803356,-19.15689963352796,13.066873479806713
16.379258106039675,-19.23041768461688,12.959191947374842
16.442952368755527,-19.30597983084448,12.852230338767596
16.475777153226833,-19.34504082769558,12.733065436825434
16.556242357864953,-19.440433357802448,12.632820973077331
16.619319537537923,-19.515265650777994,12.525718171636653
16.68086896208749,-19.58829141200266,12.418043799446217
16.737285996166108,-19.65524841817048,12.30836037569218
16.81587521607744,-19.748422394989905,12.207546746204706
16.880520942999095,-19.82510910452598,12.101217849099935
16.932315657822482,-19.88660035960209,11.98979209631394
16.959384154602517,-19.9188546369395,11.868502987204348
17.03436687092629,-20.00776389482993,11.766403928341989
17.08724103264182,-20.070531367068845,11.655489440155982
17.14043234084592,-20.133673789541128,11.544729573686896
17.174047998345085,-20.17366946157842,11.42613363400304
17.260139918830234,-20.275714208535423,11.328651261294365
17.329793792926253,-20.35832215365614,11.224607478492477
17.389746125192662,-20.429458718048675,11.116695850960998
17.430330447513537,-20.477694103031386,11.001003927256038
17.508460051902656,-20.570323707333888,10.90049225505216
17.56398098268865,-20.636220314855883,10.790889044500188
17.62695569253441,-20.71093034374448,10.684332356536926
17.66662273668252,-20.75808093752155,10.568368168088012
17.698839815977976,-20.796422546703027,10.44939803837592
17.71083104088216,-20.81084878888648,10.32222443076179
17.787135821201208,-20.90132029354696,10.221185413485037
17.85713143896903,-20.98433167184964,10.11762676198834
17.92903454288008,-21.069598406114224,10.014887378469352
17.986874950504284,-21.13823716349855,9.906457344278028
18.05947152430416,-21.22432371070625,9.804082788259702
18.097122780668165,-21.269090484284764,9.68747224868764
18.14331560911809,-21.32395686392813,9.57437012849441
18.169312570055432,-21.35494344216997,9.453018764914576
18.20177426617966,-21.39357396417341,9.334321646441625
18.212317873046747,-21.406288374371023,9.206638606968047
18.28626664357004,-21.49397343597661,9.104996014034482
18.3504629684512,-21.570127071398144,8.999388143991885
18.400842848524004,-21.62994401482412,8.888129100105385
18.411393304347705,-21.64266646614817,8.760479330902134
18.42501249316816,-21.65901741343428,8.634085947540644
18.43146408544546,-21.666893395780765,8.504724931266363
18.468020260867476,-21.710365088041883,8.387798448444538
18.491590033095918,-21.738481632083776,8.265509691663503
18.48599645084299,-21.73211544604409,8.131138127352061
18.456318109054088,-21.69727152554627,7.9867513745843555
18.476182266031024,-21.721006617888573,7.862892562000317
18.483215046935182,-21.72956993668885,7.733697998793389
18.489633680377768,-21.737407114369148,7.604234902285488
18.48333923234022,-21.730212433329445,7.469461937054402
18.484478815931173,-21.73180775452597,7.33776452044377
18.47125188956536,-21.716416244403465,7.200050822931598
18.460543696486468,-21.70400292389449,7.063358745835986
18.44521700420279,-21.686128782628955,6.924705437455902
18.46399439817685,-21.708579061109603,6.80030360795043
18.463878298858443,-21.708689867360828,6.667977354149374
18.45910359326833,-21.70329242452929,6.53367632232989
18.430901903222296,-21.670195233908156,6.38950792714317
18.42068434450815,-21.658362337938176,6.252859802319655
18.38639469870096,-21.61806698232984,6.106046613302859
18.37513604773304,-21.60500324072473,5.968891901615463
18.33561778604076,-21.55852581739648,5.819782280723965
18.29498131587288,-21.51072634532489,5.670145288310171
18.23645254491436,-21.441771422812053,5.512885391104955
18.193255675788983,-21.39094480568442,5.362044213214714
18.13602486954011,-21.32352483093812,5.2051966749707805
18.12384568147325,-21.309373149479526,5.067392597561734
